,metanetx.chemical
2dhglcn_c,metanetx.chemical:MNXM582
nadh_c,metanetx.chemical:MNXM10
glcn_c,metanetx.chemical:MNXM341
nad_c,metanetx.chemical:MNXM8
nadph_c,metanetx.chemical:MNXM6
nadp_c,metanetx.chemical:MNXM5
2dhguln_c,metanetx.chemical:MNXM582
idon-L_c,metanetx.chemical:MNXM1565
3hcinnm_c,metanetx.chemical:MNXM1799
o2_c,metanetx.chemical:MNXM4
dhcinnm_c,metanetx.chemical:MNXM1130
h2o_c,metanetx.chemical:MNXM2
3hpppn_c,metanetx.chemical:MNXM1634
dhpppn_c,metanetx.chemical:MNXM826
phthr_c,metanetx.chemical:MNXM759
4hthr_c,metanetx.chemical:MNXM1802
pi_c,metanetx.chemical:MNXM9
5dglcn_c,metanetx.chemical:MNXM963
ru5p-D_c,metanetx.chemical:MNXM145
ara5p_c,metanetx.chemical:MNXM1184
ACP_c,metanetx.chemical:MNXM925
atp_c,metanetx.chemical:MNXM3
ttdca_c,metanetx.chemical:MNXM314
amp_c,metanetx.chemical:MNXM14
myrsACP_c,metanetx.chemical:MNXM89779
ppi_c,metanetx.chemical:MNXM11
ttdcea_c,metanetx.chemical:MNXM641
tdeACP_c,metanetx.chemical:MNXM1469
hdca_c,metanetx.chemical:MNXM108
palmACP_c,metanetx.chemical:MNXM2026
hdcea_c,metanetx.chemical:MNXM56352
hdeACP_c,metanetx.chemical:MNXM162372
ocdcea_c,metanetx.chemical:MNXM306
octeACP_c,metanetx.chemical:MNXM1000
dtdp4aaddg_c,metanetx.chemical:MNXM3015
unagamu_c,metanetx.chemical:MNXM2504
dtdp_c,metanetx.chemical:MNXM152
unagamuf_c,metanetx.chemical:MNXM3112
arbt6p_c,metanetx.chemical:MNXM2806
g6p_c,metanetx.chemical:MNXM160
hqn_c,metanetx.chemical:MNXM376
4abut_c,metanetx.chemical:MNXM192
akg_c,metanetx.chemical:MNXM20
glu-L_c,metanetx.chemical:MNXM18
sucsal_c,metanetx.chemical:MNXM172
4abutn_c,metanetx.chemical:MNXM422
acac_c,metanetx.chemical:MNXM154
accoa_c,metanetx.chemical:MNXM21
aacoa_c,metanetx.chemical:MNXM133
ac_c,metanetx.chemical:MNXM26
coa_c,metanetx.chemical:MNXM12
acald_c,metanetx.chemical:MNXM75
adocbip_c,metanetx.chemical:MNXM856
gtp_c,metanetx.chemical:MNXM51
agdpcbi_c,metanetx.chemical:MNXM1105
co2tot_c,metanetx.chemical:MNXM60
adp_c,metanetx.chemical:MNXM7
malcoa_c,metanetx.chemical:MNXM40
ppa_c,metanetx.chemical:MNXM356
ppcoa_c,metanetx.chemical:MNXM86
uacgam_c,metanetx.chemical:MNXM47
udcpp_c,metanetx.chemical:MNXM251
ump_c,metanetx.chemical:MNXM80
unaga_c,metanetx.chemical:MNXM1333
acglu_c,metanetx.chemical:MNXM730
acg5p_c,metanetx.chemical:MNXM1384
2obut_c,metanetx.chemical:MNXM159
pyr_c,metanetx.chemical:MNXM23
2ahbut_c,metanetx.chemical:MNXM114220
actp_c,metanetx.chemical:MNXM280
alac-S_c,metanetx.chemical:MNXM114079
uacmamu_c,metanetx.chemical:MNXM2037
udp_c,metanetx.chemical:MNXM17
acnam_c,metanetx.chemical:MNXM227
acmana_c,metanetx.chemical:MNXM749
acACP_c,metanetx.chemical:MNXM1269
acorn_c,metanetx.chemical:MNXM817
orn_c,metanetx.chemical:MNXM89620
acon-T_c,metanetx.chemical:MNXM1388
amet_c,metanetx.chemical:MNXM16
aconm_c,metanetx.chemical:MNXM3742
ahcys_c,metanetx.chemical:MNXM19
cit_c,metanetx.chemical:MNXM131
icit_c,metanetx.chemical:MNXM89661
acg5sa_c,metanetx.chemical:MNXM1062
apoACP_c,metanetx.chemical:MNXM91491
pap_c,metanetx.chemical:MNXM45
adn_c,metanetx.chemical:MNXM212
ins_c,metanetx.chemical:MNXM334
nh3_c,metanetx.chemical:MNXM15
4adcho_c,metanetx.chemical:MNXM1458
4abz_c,metanetx.chemical:MNXM421
chor_c,metanetx.chemical:MNXM337
gln-L_c,metanetx.chemical:MNXM37
ade_c,metanetx.chemical:MNXM168
hxan_c,metanetx.chemical:MNXM213
etoh_c,metanetx.chemical:MNXM303
gdp_c,metanetx.chemical:MNXM30
itp_c,metanetx.chemical:MNXM423
idp_c,metanetx.chemical:MNXM495
ametam_c,metanetx.chemical:MNXM321
camp_c,metanetx.chemical:MNXM243
adocbi_c,metanetx.chemical:MNXM40298
rdmbzi_c,metanetx.chemical:MNXM1539
adocbl_c,metanetx.chemical:MNXM489
gmp_c,metanetx.chemical:MNXM113
prpp_c,metanetx.chemical:MNXM91
aps_c,metanetx.chemical:MNXM287
paps_c,metanetx.chemical:MNXM49
dcamp_c,metanetx.chemical:MNXM565
fum_c,metanetx.chemical:MNXM93
25aics_c,metanetx.chemical:MNXM607
aicar_c,metanetx.chemical:MNXM365
asp-L_c,metanetx.chemical:MNXM42
imp_c,metanetx.chemical:MNXM125
acgam6p_c,metanetx.chemical:MNXM63556
gam6p_c,metanetx.chemical:MNXM370
adphep-DD_c,metanetx.chemical:MNXM1648
adphep-LD_c,metanetx.chemical:MNXM857
agm_c,metanetx.chemical:MNXM328
ptrc_c,metanetx.chemical:MNXM118
urea_c,metanetx.chemical:MNXM117
hcys-L_c,metanetx.chemical:MNXM114070
rhcys_c,metanetx.chemical:MNXM1777
10fthf_c,metanetx.chemical:MNXM237
fprica_c,metanetx.chemical:MNXM456
thf_c,metanetx.chemical:MNXM1340
air_c,metanetx.chemical:MNXM388
5caiz_c,metanetx.chemical:MNXM1409
5aizc_c,metanetx.chemical:MNXM507
ala-D_c,metanetx.chemical:MNXM156
alaala_c,metanetx.chemical:MNXM669
ala-L_c,metanetx.chemical:MNXM32
pydx5p_c,metanetx.chemical:MNXM161
pyam5p_c,metanetx.chemical:MNXM366
glyald_c,metanetx.chemical:MNXM435
glyc_c,metanetx.chemical:MNXM89612
pacald_c,metanetx.chemical:MNXM473
pac_c,metanetx.chemical:MNXM497
alltt_c,metanetx.chemical:MNXM584
urdglyc_c,metanetx.chemical:MNXM490
alltn_c,metanetx.chemical:MNXM612
altrn_c,metanetx.chemical:MNXM2011
2ddglcn_c,metanetx.chemical:MNXM440
malt_c,metanetx.chemical:MNXM165
malttr_c,metanetx.chemical:MNXM722790
glc-D_c,metanetx.chemical:MNXM41
maltttr_c,metanetx.chemical:MNXM2395
maltpt_c,metanetx.chemical:MNXM1840
malthx_c,metanetx.chemical:MNXM1571
malthp_c,metanetx.chemical:MNXM3653
acmanap_c,metanetx.chemical:MNXM1286
8aonn_c,metanetx.chemical:MNXM1141
amob_c,metanetx.chemical:MNXM3090
dann_c,metanetx.chemical:MNXM1140
2dmmq8_c,metanetx.chemical:MNXM2178
mqn8_c,metanetx.chemical:MNXM509
4ampm_c,metanetx.chemical:MNXM790
for_c,metanetx.chemical:MNXM39
r5p_c,metanetx.chemical:MNXM116
anth_c,metanetx.chemical:MNXM188
pran_c,metanetx.chemical:MNXM1489
pmcoa_c,metanetx.chemical:MNXM951
ap4a_c,metanetx.chemical:MNXM1089
ap5a_c,metanetx.chemical:MNXM2412
5apru_c,metanetx.chemical:MNXM1532
5aprbu_c,metanetx.chemical:MNXM1178
arab-L_c,metanetx.chemical:MNXM461
rbl-L_c,metanetx.chemical:MNXM685
arg-L_c,metanetx.chemical:MNXM70
argsuc_c,metanetx.chemical:MNXM550
citr-L_c,metanetx.chemical:MNXM211
aspsa_c,metanetx.chemical:MNXM361
4pasp_c,metanetx.chemical:MNXM1177
asn-L_c,metanetx.chemical:MNXM147
ala-B_c,metanetx.chemical:MNXM144
cbp_c,metanetx.chemical:MNXM138
cbasp_c,metanetx.chemical:MNXM465
q8_c,metanetx.chemical:MNXM232
iasp_c,metanetx.chemical:MNXM599
q8h2_c,metanetx.chemical:MNXM191
mql8_c,metanetx.chemical:MNXM223
succ_c,metanetx.chemical:MNXM25
h2o2_c,metanetx.chemical:MNXM22
oaa_c,metanetx.chemical:MNXM46
succoa_c,metanetx.chemical:MNXM92
sucarg_c,metanetx.chemical:MNXM1756
prbatp_c,metanetx.chemical:MNXM722921
betald_c,metanetx.chemical:MNXM457
glyb_c,metanetx.chemical:MNXM289
btnso_c,metanetx.chemical:MNXM3932
btn_c,metanetx.chemical:MNXM304
cys-L_c,metanetx.chemical:MNXM55
dtbt_c,metanetx.chemical:MNXM1020
but_c,metanetx.chemical:MNXM458
btcoa_c,metanetx.chemical:MNXM233
actACP_c,metanetx.chemical:MNXM1223
malACP_c,metanetx.chemical:MNXM184
ddcaACP_c,metanetx.chemical:MNXM89851
cbi_c,metanetx.chemical:MNXM47455
cbl1_c,metanetx.chemical:MNXM47413
cdpdag1_c,metanetx.chemical:MNXM7158
cmp_c,metanetx.chemical:MNXM31
paEC_c,metanetx.chemical:MNXM109
4c2me_c,metanetx.chemical:MNXM1642
2p4c2me_c,metanetx.chemical:MNXM1641
pphn_c,metanetx.chemical:MNXM503
3psme_c,metanetx.chemical:MNXM1365
4hbz_c,metanetx.chemical:MNXM164
cinnm_c,metanetx.chemical:MNXM438
cenchddd_c,metanetx.chemical:MNXM2161
pgEC_c,metanetx.chemical:MNXM1946
clpnEC_c,metanetx.chemical:MNXM3557
csn_c,metanetx.chemical:MNXM761
cpppg3_c,metanetx.chemical:MNXM410
pppg9_c,metanetx.chemical:MNXM351
bbtcoa_c,metanetx.chemical:MNXM5762
crn_c,metanetx.chemical:MNXM173
crncoa_c,metanetx.chemical:MNXM90950
gbbtn_c,metanetx.chemical:MNXM626
ctbtcoa_c,metanetx.chemical:MNXM2363
ctbt_c,metanetx.chemical:MNXM1607
ura_c,metanetx.chemical:MNXM158
utp_c,metanetx.chemical:MNXM121
ctp_c,metanetx.chemical:MNXM63
cyan_c,metanetx.chemical:MNXM254
tsul_c,metanetx.chemical:MNXM323
so3_c,metanetx.chemical:MNXM81
tcynt_c,metanetx.chemical:MNXM762
cynt_c,metanetx.chemical:MNXM1191
acser_c,metanetx.chemical:MNXM418
h2s_c,metanetx.chemical:MNXM89582
cyst-L_c,metanetx.chemical:MNXM319
cytd_c,metanetx.chemical:MNXM338
uri_c,metanetx.chemical:MNXM288
cdp_c,metanetx.chemical:MNXM220
dcmp_c,metanetx.chemical:MNXM266
dcdp_c,metanetx.chemical:MNXM411
fad_c,metanetx.chemical:MNXM33
fadh2_c,metanetx.chemical:MNXM38
dad-2_c,metanetx.chemical:MNXM625
din_c,metanetx.chemical:MNXM935
damp_c,metanetx.chemical:MNXM432
dadp_c,metanetx.chemical:MNXM374
12dgrEC_c,metanetx.chemical:MNXM59
26dap-M_c,metanetx.chemical:MNXM529
lys-L_c,metanetx.chemical:MNXM78
26dap-LL_c,metanetx.chemical:MNXM644
db4p_c,metanetx.chemical:MNXM2323
dctp_c,metanetx.chemical:MNXM360
dutp_c,metanetx.chemical:MNXM452
dcyt_c,metanetx.chemical:MNXM704
duri_c,metanetx.chemical:MNXM492
2dh3dgal_c,metanetx.chemical:MNXM1627
2dh3dgal6p_c,metanetx.chemical:MNXM90136
2ddg6p_c,metanetx.chemical:MNXM649
e4p_c,metanetx.chemical:MNXM258
pep_c,metanetx.chemical:MNXM73
2dda7p_c,metanetx.chemical:MNXM1219
g3p_c,metanetx.chemical:MNXM74
dgmp_c,metanetx.chemical:MNXM546
dgdp_c,metanetx.chemical:MNXM436
23dhmb_c,metanetx.chemical:MNXM114097
3mob_c,metanetx.chemical:MNXM238
23dhmp_c,metanetx.chemical:MNXM1202
3mop_c,metanetx.chemical:MNXM439
dha_c,metanetx.chemical:MNXM460
dhap_c,metanetx.chemical:MNXM77
23ddhb_c,metanetx.chemical:MNXM1977
23dhb_c,metanetx.chemical:MNXM455
23dhba_c,metanetx.chemical:MNXM1978
hkntd_c,metanetx.chemical:MNXM2040
23dhdp_c,metanetx.chemical:MNXM807
thdp_c,metanetx.chemical:MNXM722737
dhf_c,metanetx.chemical:MNXM281
dhpt_c,metanetx.chemical:MNXM965
dhna_c,metanetx.chemical:MNXM552
octdp_c,metanetx.chemical:MNXM811
dhnpt_c,metanetx.chemical:MNXM39043
6hmhpt_c,metanetx.chemical:MNXM937
gcald_c,metanetx.chemical:MNXM349
dhor-S_c,metanetx.chemical:MNXM252
orot_c,metanetx.chemical:MNXM235
cechddd_c,metanetx.chemical:MNXM1636
25drapp_c,metanetx.chemical:MNXM648
6hmhptpp_c,metanetx.chemical:MNXM1160
dhptd_c,metanetx.chemical:MNXM2449
hmfurn_c,metanetx.chemical:MNXM6359
3dhq_c,metanetx.chemical:MNXM478
3dhsk_c,metanetx.chemical:MNXM611
25dkglcn_c,metanetx.chemical:MNXM936
dkmpp_c,metanetx.chemical:MNXM89901
2kmb_c,metanetx.chemical:MNXM276
dmpp_c,metanetx.chemical:MNXM132
ipdp_c,metanetx.chemical:MNXM83
grdp_c,metanetx.chemical:MNXM100
h2mb4p_c,metanetx.chemical:MNXM606
2omhmbl_c,metanetx.chemical:MNXM2187
dmso_c,metanetx.chemical:MNXM745
dms_c,metanetx.chemical:MNXM444
2dmmql8_c,metanetx.chemical:MNXM558
dhpmp_c,metanetx.chemical:MNXM1645
ahdt_c,metanetx.chemical:MNXM397
23doguln_c,metanetx.chemical:MNXM958
3dhguln_c,metanetx.chemical:MNXM736
dpcoa_c,metanetx.chemical:MNXM481
2dhp_c,metanetx.chemical:MNXM959
pant-R_c,metanetx.chemical:MNXM593
2dr5p_c,metanetx.chemical:MNXM2179
dtmp_c,metanetx.chemical:MNXM257
dump_c,metanetx.chemical:MNXM234
2dr1p_c,metanetx.chemical:MNXM1063
dxyl5p_c,metanetx.chemical:MNXM622
2me4p_c,metanetx.chemical:MNXM1626
dxyl_c,metanetx.chemical:MNXM2454
4per_c,metanetx.chemical:MNXM1407
ecaEC_c,metanetx.chemical:MNXM11492
udcpdp_c,metanetx.chemical:MNXM326
6pgc_c,metanetx.chemical:MNXM325
kdo2lipid4_c,metanetx.chemical:MNXM824
kdo2lipid4L_c,metanetx.chemical:MNXM1870
lipa_c,metanetx.chemical:MNXM946
kdo2lipid4p_c,metanetx.chemical:MNXM7460
lipa_cold_c,metanetx.chemical:MNXM5690
2pg_c,metanetx.chemical:MNXM275
seramp_c,metanetx.chemical:MNXM722786
enter_c,metanetx.chemical:MNXM883
etha_c,metanetx.chemical:MNXM218
f6p_c,metanetx.chemical:MNXM68
ocdca_c,metanetx.chemical:MNXM236
fdp_c,metanetx.chemical:MNXM417
fuc-L_c,metanetx.chemical:MNXM659
fcl-L_c,metanetx.chemical:MNXM1748
fc1p_c,metanetx.chemical:MNXM1749
lald-L_c,metanetx.chemical:MNXM2387
fe2_c,metanetx.chemical:MNXM111
ppp9_c,metanetx.chemical:MNXM346
pheme_c,metanetx.chemical:MNXM56012
suc6p_c,metanetx.chemical:MNXM1004
fru_c,metanetx.chemical:MNXM1273
h2_c,metanetx.chemical:MNXM195
fmn_c,metanetx.chemical:MNXM119
f1p_c,metanetx.chemical:MNXM90464
mal-L_c,metanetx.chemical:MNXM98
gam1p_c,metanetx.chemical:MNXM969
acgam1p_c,metanetx.chemical:MNXM89939
g1p_c,metanetx.chemical:MNXM89588
dttp_c,metanetx.chemical:MNXM394
dtdpglu_c,metanetx.chemical:MNXM1376
glu1sa_c,metanetx.chemical:MNXM1453
5aop_c,metanetx.chemical:MNXM405
glyc3p_c,metanetx.chemical:MNXM66
glu5sa_c,metanetx.chemical:MNXM245
1pyr5c_c,metanetx.chemical:MNXM301
glu5p_c,metanetx.chemical:MNXM1280
6pgl_c,metanetx.chemical:MNXM429
galct-D_c,metanetx.chemical:MNXM1080
5dh4dglc_c,metanetx.chemical:MNXM854
galctn-D_c,metanetx.chemical:MNXM1734
gal_c,metanetx.chemical:MNXM390
gal1p_c,metanetx.chemical:MNXM336
melib_c,metanetx.chemical:MNXM1434
udpg_c,metanetx.chemical:MNXM52
13dpg_c,metanetx.chemical:MNXM261
gar_c,metanetx.chemical:MNXM463
fgam_c,metanetx.chemical:MNXM453
glyclt_c,metanetx.chemical:MNXM222
gdpddman_c,metanetx.chemical:MNXM516
gdpofuc_c,metanetx.chemical:MNXM7371
ser-L_c,metanetx.chemical:MNXM53
gly_c,metanetx.chemical:MNXM29
mlthf_c,metanetx.chemical:MNXM183
glycogen_c,metanetx.chemical:MNXM55366
2h3oppan_c,metanetx.chemical:MNXM475
glcr_c,metanetx.chemical:MNXM744
adpglc_c,metanetx.chemical:MNXM561
galt1p_c,metanetx.chemical:MNXM1667
tag6p-D_c,metanetx.chemical:MNXM795
glucys_c,metanetx.chemical:MNXM412
pram_c,metanetx.chemical:MNXM89814
glu-D_c,metanetx.chemical:MNXM331
glutrna_c,metanetx.chemical:MNXM89752
trnaglu_c,metanetx.chemical:MNXM11683
glx_c,metanetx.chemical:MNXM69
2aobut_c,metanetx.chemical:MNXM815
glyc-R_c,metanetx.chemical:MNXM189
3pg_c,metanetx.chemical:MNXM126
lgt-S_c,metanetx.chemical:MNXM1253
gthrd_c,metanetx.chemical:MNXM57
lac-D_c,metanetx.chemical:MNXM285
gdpmann_c,metanetx.chemical:MNXM82
gmhep1p_c,metanetx.chemical:MNXM1661
gmhep7p_c,metanetx.chemical:MNXM17115
gmhep17bp_c,metanetx.chemical:MNXM1736
xmp_c,metanetx.chemical:MNXM89160
gdpfuc_c,metanetx.chemical:MNXM89624
gp4g_c,metanetx.chemical:MNXM1582
g3pc_c,metanetx.chemical:MNXM367
chol_c,metanetx.chemical:MNXM90
g3pe_c,metanetx.chemical:MNXM368
g3ps_c,metanetx.chemical:MNXM6280
g3pg_c,metanetx.chemical:MNXM598
g3pi_c,metanetx.chemical:MNXM1517
inost_c,metanetx.chemical:MNXM127
frdp_c,metanetx.chemical:MNXM34
gsn_c,metanetx.chemical:MNXM401
gtspmd_c,metanetx.chemical:MNXM1329
spmd_c,metanetx.chemical:MNXM124
gthox_c,metanetx.chemical:MNXM151
gua_c,metanetx.chemical:MNXM259
xan_c,metanetx.chemical:MNXM174
glcur_c,metanetx.chemical:MNXM241
fruur_c,metanetx.chemical:MNXM1660
galur_c,metanetx.chemical:MNXM11275
tagur_c,metanetx.chemical:MNXM1423
3ophb_c,metanetx.chemical:MNXM2195
hemeO_c,metanetx.chemical:MNXM1278
4mhetz_c,metanetx.chemical:MNXM962
4mpetz_c,metanetx.chemical:MNXM960
histd_c,metanetx.chemical:MNXM1281
his-L_c,metanetx.chemical:MNXM134
hisp_c,metanetx.chemical:MNXM1482
hkndd_c,metanetx.chemical:MNXM1693
op4en_c,metanetx.chemical:MNXM9829
ppbng_c,metanetx.chemical:MNXM554
hmbil_c,metanetx.chemical:MNXM547
4ahmmp_c,metanetx.chemical:MNXM874
4h2opntn_c,metanetx.chemical:MNXM1176
hpyr_c,metanetx.chemical:MNXM392
hom-L_c,metanetx.chemical:MNXM353
phom_c,metanetx.chemical:MNXM1334
suchms_c,metanetx.chemical:MNXM820
imacp_c,metanetx.chemical:MNXM1456
pydam_c,metanetx.chemical:MNXM548
ichor_c,metanetx.chemical:MNXM799
prlp_c,metanetx.chemical:MNXM1408
eig3p_c,metanetx.chemical:MNXM1422
2cpr5p_c,metanetx.chemical:MNXM1455
3ig3p_c,metanetx.chemical:MNXM866
ile-L_c,metanetx.chemical:MNXM231
3c2hmp_c,metanetx.chemical:MNXM891
3c4mop_c,metanetx.chemical:MNXM1602
2ippm_c,metanetx.chemical:MNXM1706
3c3hmp_c,metanetx.chemical:MNXM985
3hmrsACP_c,metanetx.chemical:MNXM1298
kdo_c,metanetx.chemical:MNXM989
ckdo_c,metanetx.chemical:MNXM535
kdo8p_c,metanetx.chemical:MNXM1647
3dhgulnp_c,metanetx.chemical:MNXM1170
xu5p-L_c,metanetx.chemical:MNXM1238
lcts_c,metanetx.chemical:MNXM362
lac-L_c,metanetx.chemical:MNXM179
12ppd-S_c,metanetx.chemical:MNXM1255
4mop_c,metanetx.chemical:MNXM404
leu-L_c,metanetx.chemical:MNXM140
mthgxl_c,metanetx.chemical:MNXM310
lipidX_c,metanetx.chemical:MNXM1839
u23ga_c,metanetx.chemical:MNXM1199
lipidAds_c,metanetx.chemical:MNXM1569
agpgEC_c,metanetx.chemical:MNXM4433
agpeEC_c,metanetx.chemical:MNXM4432
agpcEC_c,metanetx.chemical:MNXM4432
apgEC_c,metanetx.chemical:MNXM5599
cdpea_c,metanetx.chemical:MNXM449
lpsEC_c,metanetx.chemical:MNXM7492
15dap_c,metanetx.chemical:MNXM943
mnl1p_c,metanetx.chemical:MNXM90126
man1p_c,metanetx.chemical:MNXM836
man6p_c,metanetx.chemical:MNXM40579
mana_c,metanetx.chemical:MNXM1045
2mcit_c,metanetx.chemical:MNXM1030
2mcacn_c,metanetx.chemical:MNXM1792
micit_c,metanetx.chemical:MNXM1694
5mdru1p_c,metanetx.chemical:MNXM522
2mecdp_c,metanetx.chemical:MNXM1168
met-L_c,metanetx.chemical:MNXM61
5mthf_c,metanetx.chemical:MNXM318
mi1p-D_c,metanetx.chemical:MNXM646
mmcoa-S_c,metanetx.chemical:MNXM81312
mmcoa-R_c,metanetx.chemical:MNXM608
lipidA_c,metanetx.chemical:MNXM1569
kdolipid4_c,metanetx.chemical:MNXM1206
5mta_c,metanetx.chemical:MNXM150
5mtr_c,metanetx.chemical:MNXM722742
methf_c,metanetx.chemical:MNXM511
5mdr1p_c,metanetx.chemical:MNXM407
nmn_c,metanetx.chemical:MNXM355
h2o_e,metanetx.chemical:MNXM2
nad_e,metanetx.chemical:MNXM8
amp_e,metanetx.chemical:MNXM14
nmn_e,metanetx.chemical:MNXM355
dnad_c,metanetx.chemical:MNXM309
nac_c,metanetx.chemical:MNXM274
nicrnt_c,metanetx.chemical:MNXM194
dgtp_c,metanetx.chemical:MNXM344
dudp_c,metanetx.chemical:MNXM572
datp_c,metanetx.chemical:MNXM286
ncam_c,metanetx.chemical:MNXM216
dmbzid_c,metanetx.chemical:MNXM50981
5prdmbz_c,metanetx.chemical:MNXM1224
quln_c,metanetx.chemical:MNXM555
sbzcoa_c,metanetx.chemical:MNXM1132
xtsn_c,metanetx.chemical:MNXM687
thymd_c,metanetx.chemical:MNXM420
dgsn_c,metanetx.chemical:MNXM647
pppi_c,metanetx.chemical:MNXM332
no2_c,metanetx.chemical:MNXM107
ohpb_c,metanetx.chemical:MNXM1514
2ohph_c,metanetx.chemical:MNXM1635
2omph_c,metanetx.chemical:MNXM1707
2ombzl_c,metanetx.chemical:MNXM5484
2ommbl_c,metanetx.chemical:MNXM1899
orot5p_c,metanetx.chemical:MNXM519
2oph_c,metanetx.chemical:MNXM1886
thmpp_c,metanetx.chemical:MNXM256
ssaltpp_c,metanetx.chemical:MNXM91306
pro-L_c,metanetx.chemical:MNXM114
phaccoa_c,metanetx.chemical:MNXM502
pnto-R_c,metanetx.chemical:MNXM89882
ugmda_c,metanetx.chemical:MNXM88442
uagmda_c,metanetx.chemical:MNXM2264
trdrd_c,metanetx.chemical:MNXM1501
trdox_c,metanetx.chemical:MNXM148
pdx5p_c,metanetx.chemical:MNXM454
pydxn_c,metanetx.chemical:MNXM419
peamn_c,metanetx.chemical:MNXM660
peEC_c,metanetx.chemical:MNXM3082
tagdp-D_c,metanetx.chemical:MNXM1324
3php_c,metanetx.chemical:MNXM541
2pglyc_c,metanetx.chemical:MNXM2074
pgpEC_c,metanetx.chemical:MNXM871
phe-L_c,metanetx.chemical:MNXM97
phpyr_c,metanetx.chemical:MNXM116962
pcEC_c,metanetx.chemical:MNXM93806
4r5au_c,metanetx.chemical:MNXM791
2mahmp_c,metanetx.chemical:MNXM1135
4ppan_c,metanetx.chemical:MNXM415
ppap_c,metanetx.chemical:MNXM1499
4ppcys_c,metanetx.chemical:MNXM483
pan4p_c,metanetx.chemical:MNXM37051
r1p_c,metanetx.chemical:MNXM295
34hpp_c,metanetx.chemical:MNXM153
pppn_c,metanetx.chemical:MNXM1403
uaagmda_c,metanetx.chemical:MNXM722781
peptidoEC_c,metanetx.chemical:MNXM4770
fpram_c,metanetx.chemical:MNXM568
prbamp_c,metanetx.chemical:MNXM1515
prfp_c,metanetx.chemical:MNXM1397
skm5p_c,metanetx.chemical:MNXM1265
psEC_c,metanetx.chemical:MNXM221
pser-L_c,metanetx.chemical:MNXM379
pydx_c,metanetx.chemical:MNXM311
ribflv_c,metanetx.chemical:MNXM270
dmlz_c,metanetx.chemical:MNXM1313
rib-D_c,metanetx.chemical:MNXM242
ru5p-L_c,metanetx.chemical:MNXM901
xu5p-D_c,metanetx.chemical:MNXM186
rmn_c,metanetx.chemical:MNXM1151
rml_c,metanetx.chemical:MNXM1750
rml1p_c,metanetx.chemical:MNXM1675
s7p_c,metanetx.chemical:MNXM271
sucorn_c,metanetx.chemical:MNXM1152
so4_c,metanetx.chemical:MNXM58
sbt6p_c,metanetx.chemical:MNXM393
sl26da_c,metanetx.chemical:MNXM1488
sl2a6o_c,metanetx.chemical:MNXM1563
seln_c,metanetx.chemical:MNXM926
selnp_c,metanetx.chemical:MNXM1339
ser-D_c,metanetx.chemical:MNXM694
sucglu_c,metanetx.chemical:MNXM1757
sucgsa_c,metanetx.chemical:MNXM1763
2shchc_c,metanetx.chemical:MNXM1249
scl_c,metanetx.chemical:MNXM863
srch_c,metanetx.chemical:MNXM12943
sheme_c,metanetx.chemical:MNXM1594
skm_c,metanetx.chemical:MNXM602
N1aspmd_c,metanetx.chemical:MNXM501
n8aspmd_c,metanetx.chemical:MNXM1679
o2s_c,metanetx.chemical:MNXM330
sucbz_c,metanetx.chemical:MNXM1212
tartr-L_c,metanetx.chemical:MNXM816
taur_c,metanetx.chemical:MNXM282
aacald_c,metanetx.chemical:MNXM2212
dtdp4addg_c,metanetx.chemical:MNXM114266
dtdp4d6dg_c,metanetx.chemical:MNXM451
dtdp4d6dm_c,metanetx.chemical:MNXM2371
dtdprmn_c,metanetx.chemical:MNXM51657
thr-L_c,metanetx.chemical:MNXM142
tyr-L_c,metanetx.chemical:MNXM76
4hba_c,metanetx.chemical:MNXM3499
tmao_c,metanetx.chemical:MNXM437
tma_c,metanetx.chemical:MNXM352
thym_c,metanetx.chemical:MNXM386
thm_c,metanetx.chemical:MNXM322
thmmp_c,metanetx.chemical:MNXM662
tre6p_c,metanetx.chemical:MNXM448
tre_c,metanetx.chemical:MNXM198
tre_e,metanetx.chemical:MNXM198
glc-D_e,metanetx.chemical:MNXM41
trp-L_c,metanetx.chemical:MNXM94
indole_c,metanetx.chemical:MNXM377
u3hga_c,metanetx.chemical:MNXM88424
uamag_c,metanetx.chemical:MNXM722734
ugmd_c,metanetx.chemical:MNXM1446
uacmam_c,metanetx.chemical:MNXM932
u3aga_c,metanetx.chemical:MNXM2157
uaccg_c,metanetx.chemical:MNXM1688
uama_c,metanetx.chemical:MNXM722770
uamr_c,metanetx.chemical:MNXM785
udpgal_c,metanetx.chemical:MNXM65
udpgalfur_c,metanetx.chemical:MNXM2158
udpglcur_c,metanetx.chemical:MNXM87
uppg3_c,metanetx.chemical:MNXM414
val-L_c,metanetx.chemical:MNXM199
xyl-D_c,metanetx.chemical:MNXM90288
xylu-D_c,metanetx.chemical:MNXM597
12ppd-S_e,metanetx.chemical:MNXM1255
15dap_e,metanetx.chemical:MNXM943
26dap-M_e,metanetx.chemical:MNXM529
2ddglcn_e,metanetx.chemical:MNXM440
3hcinnm_e,metanetx.chemical:MNXM1799
3hpppn_e,metanetx.chemical:MNXM1634
4abut_e,metanetx.chemical:MNXM192
ac_e,metanetx.chemical:MNXM26
acac_e,metanetx.chemical:MNXM154
acald_e,metanetx.chemical:MNXM75
acgam_e,metanetx.chemical:MNXM143
acmana_e,metanetx.chemical:MNXM749
acnam_e,metanetx.chemical:MNXM227
ade_e,metanetx.chemical:MNXM168
adn_e,metanetx.chemical:MNXM212
akg_e,metanetx.chemical:MNXM20
ala-D_e,metanetx.chemical:MNXM156
ala-L_e,metanetx.chemical:MNXM32
alltn_e,metanetx.chemical:MNXM612
arab-L_e,metanetx.chemical:MNXM461
arg-L_e,metanetx.chemical:MNXM70
asn-L_e,metanetx.chemical:MNXM147
asp-L_e,metanetx.chemical:MNXM42
but_e,metanetx.chemical:MNXM458
cation_e,metanetx.chemical:MNXM45842
cbl1_e,metanetx.chemical:MNXM47413
chol_e,metanetx.chemical:MNXM90
cit_e,metanetx.chemical:MNXM131
co2tot_e,metanetx.chemical:MNXM60
crn_e,metanetx.chemical:MNXM173
csn_e,metanetx.chemical:MNXM761
cynt_e,metanetx.chemical:MNXM1191
cys-L_e,metanetx.chemical:MNXM55
cytd_e,metanetx.chemical:MNXM338
dad-2_e,metanetx.chemical:MNXM625
dcyt_e,metanetx.chemical:MNXM704
dgsn_e,metanetx.chemical:MNXM647
dha_e,metanetx.chemical:MNXM460
din_e,metanetx.chemical:MNXM935
dms_e,metanetx.chemical:MNXM444
dmso_e,metanetx.chemical:MNXM745
duri_e,metanetx.chemical:MNXM492
etoh_e,metanetx.chemical:MNXM303
fe2_e,metanetx.chemical:MNXM111
for_e,metanetx.chemical:MNXM39
fru_e,metanetx.chemical:MNXM1273
fuc1p-L_e,metanetx.chemical:MNXM59386
fuc-L_e,metanetx.chemical:MNXM659
fum_e,metanetx.chemical:MNXM93
g6p_e,metanetx.chemical:MNXM160
gal_e,metanetx.chemical:MNXM390
galct-D_e,metanetx.chemical:MNXM1080
galctn-D_e,metanetx.chemical:MNXM1734
galt_e,metanetx.chemical:MNXM1233
galur_e,metanetx.chemical:MNXM11275
gam_e,metanetx.chemical:MNXM533
gbbtn_e,metanetx.chemical:MNXM626
glcn_e,metanetx.chemical:MNXM341
glcr_e,metanetx.chemical:MNXM744
glcur_e,metanetx.chemical:MNXM241
gln-L_e,metanetx.chemical:MNXM37
glu-L_e,metanetx.chemical:MNXM18
gly_e,metanetx.chemical:MNXM29
glyald_e,metanetx.chemical:MNXM435
glyb_e,metanetx.chemical:MNXM289
glyc_e,metanetx.chemical:MNXM89612
glyc3p_e,metanetx.chemical:MNXM66
glyclt_e,metanetx.chemical:MNXM222
gsn_e,metanetx.chemical:MNXM401
gua_e,metanetx.chemical:MNXM259
h_e,metanetx.chemical:MNXM1
hdca_e,metanetx.chemical:MNXM108
his-L_e,metanetx.chemical:MNXM134
hxan_e,metanetx.chemical:MNXM213
idon-L_e,metanetx.chemical:MNXM1565
ile-L_e,metanetx.chemical:MNXM231
indole_e,metanetx.chemical:MNXM377
ins_e,metanetx.chemical:MNXM334
k_e,metanetx.chemical:MNXM95
lac-D_e,metanetx.chemical:MNXM285
lac-L_e,metanetx.chemical:MNXM179
lcts_e,metanetx.chemical:MNXM362
leu-L_e,metanetx.chemical:MNXM140
lys-L_e,metanetx.chemical:MNXM78
mal-L_e,metanetx.chemical:MNXM98
malt_e,metanetx.chemical:MNXM165
malthx_e,metanetx.chemical:MNXM1571
maltpt_e,metanetx.chemical:MNXM1840
malttr_e,metanetx.chemical:MNXM722790
maltttr_e,metanetx.chemical:MNXM2395
man_e,metanetx.chemical:MNXM182
man6p_e,metanetx.chemical:MNXM40579
melib_e,metanetx.chemical:MNXM1434
met-D_e,metanetx.chemical:MNXM1275
met-L_e,metanetx.chemical:MNXM61
mnl_e,metanetx.chemical:MNXM615
na1_e,metanetx.chemical:MNXM27
nac_e,metanetx.chemical:MNXM274
nh3_e,metanetx.chemical:MNXM15
no2_e,metanetx.chemical:MNXM107
no3_e,metanetx.chemical:MNXM207
o2_e,metanetx.chemical:MNXM4
ocdca_e,metanetx.chemical:MNXM236
orn_e,metanetx.chemical:MNXM89620
phe-L_e,metanetx.chemical:MNXM97
pi_e,metanetx.chemical:MNXM9
pnto-R_e,metanetx.chemical:MNXM89882
pppn_e,metanetx.chemical:MNXM1403
pro-L_e,metanetx.chemical:MNXM114
ptrc_e,metanetx.chemical:MNXM118
pyr_e,metanetx.chemical:MNXM23
rib-D_e,metanetx.chemical:MNXM242
rmn_e,metanetx.chemical:MNXM1151
sbt-D_e,metanetx.chemical:MNXM469
ser-D_e,metanetx.chemical:MNXM694
ser-L_e,metanetx.chemical:MNXM53
so4_e,metanetx.chemical:MNXM58
spmd_e,metanetx.chemical:MNXM124
succ_e,metanetx.chemical:MNXM25
sucr_e,metanetx.chemical:MNXM167
tartr-L_e,metanetx.chemical:MNXM816
taur_e,metanetx.chemical:MNXM282
thm_e,metanetx.chemical:MNXM322
thr-L_e,metanetx.chemical:MNXM142
thymd_e,metanetx.chemical:MNXM420
tma_e,metanetx.chemical:MNXM352
tmao_e,metanetx.chemical:MNXM437
trp-L_e,metanetx.chemical:MNXM94
tsul_e,metanetx.chemical:MNXM323
ttdca_e,metanetx.chemical:MNXM314
tyr-L_e,metanetx.chemical:MNXM76
ura_e,metanetx.chemical:MNXM158
urea_e,metanetx.chemical:MNXM117
uri_e,metanetx.chemical:MNXM288
val-L_e,metanetx.chemical:MNXM199
xan_e,metanetx.chemical:MNXM174
xtsn_e,metanetx.chemical:MNXM687
xyl-D_e,metanetx.chemical:MNXM90288
h_c,metanetx.chemical:MNXM1
acgam_c,metanetx.chemical:MNXM143
cation_c,metanetx.chemical:MNXM45842
fuc1p-L_c,metanetx.chemical:MNXM59386
galt_c,metanetx.chemical:MNXM1233
gam_c,metanetx.chemical:MNXM533
na1_c,metanetx.chemical:MNXM27
h2_e,metanetx.chemical:MNXM195
k_c,metanetx.chemical:MNXM95
malt6p_c,metanetx.chemical:MNXM2394
man_c,metanetx.chemical:MNXM182
met-D_c,metanetx.chemical:MNXM1275
mnl_c,metanetx.chemical:MNXM615
no3_c,metanetx.chemical:MNXM207
sbt-D_c,metanetx.chemical:MNXM469
sucr_c,metanetx.chemical:MNXM167
biomass_c,metanetx.chemical:BIOMASS
biomass_e,metanetx.chemical:BIOMASS
